vpnClient591,172.16.119.11
vpnClient590,172.16.119.10
vpnClient592,172.16.119.12
vpnClient593,172.16.119.13
vpnClient594,172.16.119.14
vpnClient595,172.16.119.15
vpnClient596,172.16.119.16
vpnClient597,172.16.119.17
vpnClient598,172.16.119.18
vpnClient599,172.16.119.19
vpnClient600,172.16.119.20
vpnClient601,172.16.119.21
vpnClient602,172.16.119.22
vpnClient603,172.16.119.23
vpnClient604,172.16.119.24
vpnClient605,172.16.119.25
vpnClient606,172.16.119.26
vpnClient607,172.16.119.27
vpnClient608,172.16.119.28
vpnClient609,172.16.119.29
vpnClient610,172.16.119.30
vpnClient611,172.16.119.31
vpnClient612,172.16.119.32
vpnClient613,172.16.119.33
vpnClient614,172.16.119.34
vpnClient615,172.16.119.35
vpnClient616,172.16.119.36
vpnClient617,172.16.119.37
vpnClient618,172.16.119.38
vpnClient619,172.16.119.39
vpnClient620,172.16.119.40
vpnClient621,172.16.119.41
vpnClient622,172.16.119.42
vpnClient623,172.16.119.43
vpnClient624,172.16.119.44
vpnClient625,172.16.119.45
vpnClient626,172.16.119.46
vpnClient627,172.16.119.47
vpnClient628,172.16.119.48
vpnClient629,172.16.119.49
vpnClient630,172.16.119.50
vpnClient631,172.16.119.51
vpnClient632,172.16.119.52
vpnClient633,172.16.119.53
vpnClient634,172.16.119.54
vpnClient635,172.16.119.55
vpnClient636,172.16.119.56
vpnClient637,172.16.119.57
vpnClient638,172.16.119.58
vpnClient639,172.16.119.59
vpnClient640,172.16.119.60
vpnClient641,172.16.119.61
vpnClient642,172.16.119.62
vpnClient643,172.16.119.63
vpnClient644,172.16.119.64
vpnClient657,172.16.119.65
vpnClient658,172.16.119.66
vpnClient656,172.16.119.67
vpnClient660,172.16.119.68
vpnClient655,172.16.119.69
vpnClient654,172.16.119.70
vpnClient653,172.16.119.71
vpnClient659,172.16.119.72
